{"cameraMode":{"drawMode":0,"name":"Shaded","section":"Shading Mode"},"sceneLighting":true,"audioPlay":false,"sceneViewState":{"m_AlwaysRefresh":false,"showFog":true,"showSkybox":true,"showFlares":true,"showImageEffects":true,"showParticleSystems":true,"showVisualEffectGraphs":true,"m_FxEnabled":true},"in2DMode":false,"pivot":{"x":-1.1052546501159669,"y":3.553222179412842,"z":-1.4800701141357422},"rotation":{"x":0.27014267444610598,"y":0.5302201509475708,"z":-0.18303513526916505,"w":0.7825533151626587},"size":18.15479278564453,"orthographic":true}